Name,Math,Science,English,Attendance,Average
A,85,78.0,90.0,92,84.33333333333333
B,88,76.0,85.1,85,83.03333333333333
C,90,89.0,94.0,96,91.0
D,65,70.0,72.0,80,69.0
E,78,79.4,85.0,88,80.8
F,92,91.0,89.0,98,90.66666666666667
G,70,68.0,75.0,82,71.0
H,85,87.0,90.0,91,87.33333333333333
I,60,65.0,70.0,75,65.0
J,95,92.0,96.0,99,94.33333333333333
